design,backend,variant,wait_us,gap_us,arm,n,median_us,p10_us,p90_us,max_us,median_ci95_lo_us,median_ci95_hi_us,timeouts,lost,timerslack_ns_worker,timer_begin_result,code_commit,bench_commit,bench_dirty,defect_mode,wait_method,compiler,host,source
bound-sweep,epoll,slack=1ns,0,2000,fixed,51,36.148,35.196,36.589,50.856,36.018,36.258,0,0,1,,0af1ac47ec708595b91e5c15300556f2714314c1,4d34f460daf25f5b68bb980541acd9dd71ff7873,False,none,epoll_pwait2,clang 22.1.8,alex-laptop,results/raw/2026-09-29-L-publication-0af1ac4/bound-sweep/epoll-0us-g2000us-fixed-slack1ns.jsonl
bound-sweep,epoll,slack=1ns,1000,2000,fixed,51,6.763,6.502,6.994,12.374,6.592,6.793,0,0,1,,0af1ac47ec708595b91e5c15300556f2714314c1,4d34f460daf25f5b68bb980541acd9dd71ff7873,False,none,epoll_pwait2,clang 22.1.8,alex-laptop,results/raw/2026-09-29-L-publication-0af1ac4/bound-sweep/epoll-1000us-g2000us-fixed-slack1ns.jsonl
bound-sweep,epoll,slack=1ns,10000,2000,fixed,51,36.048,35.406,48.181,65.423,35.877,36.369,0,0,1,,0af1ac47ec708595b91e5c15300556f2714314c1,4d34f460daf25f5b68bb980541acd9dd71ff7873,False,none,epoll_pwait2,clang 22.1.8,alex-laptop,results/raw/2026-09-29-L-publication-0af1ac4/bound-sweep/epoll-10000us-g2000us-fixed-slack1ns.jsonl
bound-sweep,epoll,slack=1ns,100000,2000,fixed,51,36.228,34.585,48.872,59.592,35.858,46.718,0,0,1,,0af1ac47ec708595b91e5c15300556f2714314c1,4d34f460daf25f5b68bb980541acd9dd71ff7873,False,none,epoll_pwait2,clang 22.1.8,alex-laptop,results/raw/2026-09-29-L-publication-0af1ac4/bound-sweep/epoll-100000us-g2000us-fixed-slack1ns.jsonl
bound-sweep,io_uring,slack=1ns,0,2000,fixed,51,46.307,34.916,47.399,94.818,45.806,46.748,0,0,1,,0af1ac47ec708595b91e5c15300556f2714314c1,4d34f460daf25f5b68bb980541acd9dd71ff7873,False,none,"io_uring_enter(getevents, ext_arg; single_issuer, defer_taskrun)",clang 22.1.8,alex-laptop,results/raw/2026-09-29-L-publication-0af1ac4/bound-sweep/io_uring-0us-g2000us-fixed-slack1ns.jsonl
bound-sweep,io_uring,slack=1ns,1000,2000,fixed,51,4.999,0.661,6.332,8.145,4.318,5.490,0,0,1,,0af1ac47ec708595b91e5c15300556f2714314c1,4d34f460daf25f5b68bb980541acd9dd71ff7873,False,none,"io_uring_enter(getevents, ext_arg; single_issuer, defer_taskrun)",clang 22.1.8,alex-laptop,results/raw/2026-09-29-L-publication-0af1ac4/bound-sweep/io_uring-1000us-g2000us-fixed-slack1ns.jsonl
bound-sweep,io_uring,slack=1ns,10000,2000,fixed,51,47.038,35.246,48.782,103.835,36.588,47.670,0,0,1,,0af1ac47ec708595b91e5c15300556f2714314c1,4d34f460daf25f5b68bb980541acd9dd71ff7873,False,none,"io_uring_enter(getevents, ext_arg; single_issuer, defer_taskrun)",clang 22.1.8,alex-laptop,results/raw/2026-09-29-L-publication-0af1ac4/bound-sweep/io_uring-10000us-g2000us-fixed-slack1ns.jsonl
bound-sweep,io_uring,slack=1ns,100000,2000,fixed,51,36.108,35.206,48.160,48.801,35.817,47.079,0,0,1,,0af1ac47ec708595b91e5c15300556f2714314c1,4d34f460daf25f5b68bb980541acd9dd71ff7873,False,none,"io_uring_enter(getevents, ext_arg; single_issuer, defer_taskrun)",clang 22.1.8,alex-laptop,results/raw/2026-09-29-L-publication-0af1ac4/bound-sweep/io_uring-100000us-g2000us-fixed-slack1ns.jsonl
bound-sweep,iocp,timer=1ms,0,2000,fixed,51,7.100,5.500,10.000,12.700,6.900,8.000,0,0,,0,0af1ac47ec708595b91e5c15300556f2714314c1,62408d4a089e70b3cac46e9695b4cc0be1a05776,False,none,GetQueuedCompletionStatus,clang-cl 22.1.0 (https://github.com/llvm/llvm-project 4434dabb69916856b824f68a64b029c67175e532),ALEX-PC,results/raw/2026-09-30-W-publication/bound-sweep/iocp-0us-g2000us-fixed-timer1ms.jsonl
bound-sweep,iocp,timer=1ms,1000,2000,fixed,51,7.300,6.200,9.400,13.100,6.900,7.600,0,0,,0,0af1ac47ec708595b91e5c15300556f2714314c1,62408d4a089e70b3cac46e9695b4cc0be1a05776,False,none,GetQueuedCompletionStatus,clang-cl 22.1.0 (https://github.com/llvm/llvm-project 4434dabb69916856b824f68a64b029c67175e532),ALEX-PC,results/raw/2026-09-30-W-publication/bound-sweep/iocp-1000us-g2000us-fixed-timer1ms.jsonl
bound-sweep,iocp,timer=1ms,10000,2000,fixed,51,8.100,5.300,11.000,20.000,7.300,10.500,0,0,,0,0af1ac47ec708595b91e5c15300556f2714314c1,62408d4a089e70b3cac46e9695b4cc0be1a05776,False,none,GetQueuedCompletionStatus,clang-cl 22.1.0 (https://github.com/llvm/llvm-project 4434dabb69916856b824f68a64b029c67175e532),ALEX-PC,results/raw/2026-09-30-W-publication/bound-sweep/iocp-10000us-g2000us-fixed-timer1ms.jsonl
bound-sweep,iocp,timer=1ms,100000,2000,fixed,51,8.100,5.300,11.100,26.300,6.700,10.500,0,0,,0,0af1ac47ec708595b91e5c15300556f2714314c1,62408d4a089e70b3cac46e9695b4cc0be1a05776,False,none,GetQueuedCompletionStatus,clang-cl 22.1.0 (https://github.com/llvm/llvm-project 4434dabb69916856b824f68a64b029c67175e532),ALEX-PC,results/raw/2026-09-30-W-publication/bound-sweep/iocp-100000us-g2000us-fixed-timer1ms.jsonl
bound-sweep,iocp,timer=default,0,2000,fixed,51,6.900,5.400,13.100,21.000,6.400,7.300,0,0,,,0af1ac47ec708595b91e5c15300556f2714314c1,62408d4a089e70b3cac46e9695b4cc0be1a05776,False,none,GetQueuedCompletionStatus,clang-cl 22.1.0 (https://github.com/llvm/llvm-project 4434dabb69916856b824f68a64b029c67175e532),ALEX-PC,results/raw/2026-09-30-W-publication/bound-sweep/iocp-0us-g2000us-fixed-timerdefault.jsonl
bound-sweep,iocp,timer=default,1000,2000,fixed,51,7.100,5.400,12.800,18.900,6.300,8.800,0,0,,,0af1ac47ec708595b91e5c15300556f2714314c1,62408d4a089e70b3cac46e9695b4cc0be1a05776,False,none,GetQueuedCompletionStatus,clang-cl 22.1.0 (https://github.com/llvm/llvm-project 4434dabb69916856b824f68a64b029c67175e532),ALEX-PC,results/raw/2026-09-30-W-publication/bound-sweep/iocp-1000us-g2000us-fixed-timerdefault.jsonl
bound-sweep,iocp,timer=default,10000,2000,fixed,51,6.900,5.300,11.300,47.000,6.100,7.700,0,0,,,0af1ac47ec708595b91e5c15300556f2714314c1,62408d4a089e70b3cac46e9695b4cc0be1a05776,False,none,GetQueuedCompletionStatus,clang-cl 22.1.0 (https://github.com/llvm/llvm-project 4434dabb69916856b824f68a64b029c67175e532),ALEX-PC,results/raw/2026-09-30-W-publication/bound-sweep/iocp-10000us-g2000us-fixed-timerdefault.jsonl
bound-sweep,iocp,timer=default,100000,2000,fixed,51,8.500,7.400,13.000,18.000,7.800,9.300,0,0,,,0af1ac47ec708595b91e5c15300556f2714314c1,62408d4a089e70b3cac46e9695b4cc0be1a05776,False,none,GetQueuedCompletionStatus,clang-cl 22.1.0 (https://github.com/llvm/llvm-project 4434dabb69916856b824f68a64b029c67175e532),ALEX-PC,results/raw/2026-09-30-W-publication/bound-sweep/iocp-100000us-g2000us-fixed-timerdefault.jsonl
bound-sweep-qos,epoll,"slack=1ns,qos=0us",0,2000,fixed,51,5.120,4.969,5.260,9.007,5.060,5.140,0,0,1,,0af1ac47ec708595b91e5c15300556f2714314c1,4d34f460daf25f5b68bb980541acd9dd71ff7873,False,none,epoll_pwait2,clang 22.1.8,alex-laptop,results/raw/2026-09-29-L-publication-0af1ac4/bound-sweep-qos/epoll-0us-g2000us-fixed-slack1ns-qos0us.jsonl
bound-sweep-qos,epoll,"slack=1ns,qos=0us",1000,2000,fixed,51,2.775,1.713,5.049,10.039,2.294,2.906,0,0,1,,0af1ac47ec708595b91e5c15300556f2714314c1,4d34f460daf25f5b68bb980541acd9dd71ff7873,False,none,epoll_pwait2,clang 22.1.8,alex-laptop,results/raw/2026-09-29-L-publication-0af1ac4/bound-sweep-qos/epoll-1000us-g2000us-fixed-slack1ns-qos0us.jsonl
bound-sweep-qos,epoll,"slack=1ns,qos=0us",10000,2000,fixed,51,5.320,5.190,5.471,5.761,5.300,5.330,0,0,1,,0af1ac47ec708595b91e5c15300556f2714314c1,4d34f460daf25f5b68bb980541acd9dd71ff7873,False,none,epoll_pwait2,clang 22.1.8,alex-laptop,results/raw/2026-09-29-L-publication-0af1ac4/bound-sweep-qos/epoll-10000us-g2000us-fixed-slack1ns-qos0us.jsonl
bound-sweep-qos,epoll,"slack=1ns,qos=0us",100000,2000,fixed,51,5.340,5.200,5.450,5.661,5.310,5.390,0,0,1,,0af1ac47ec708595b91e5c15300556f2714314c1,4d34f460daf25f5b68bb980541acd9dd71ff7873,False,none,epoll_pwait2,clang 22.1.8,alex-laptop,results/raw/2026-09-29-L-publication-0af1ac4/bound-sweep-qos/epoll-100000us-g2000us-fixed-slack1ns-qos0us.jsonl
bound-sweep-qos,io_uring,"slack=1ns,qos=0us",0,2000,fixed,51,5.070,4.950,5.220,7.795,5.039,5.109,0,0,1,,0af1ac47ec708595b91e5c15300556f2714314c1,4d34f460daf25f5b68bb980541acd9dd71ff7873,False,none,"io_uring_enter(getevents, ext_arg; single_issuer, defer_taskrun)",clang 22.1.8,alex-laptop,results/raw/2026-09-29-L-publication-0af1ac4/bound-sweep-qos/io_uring-0us-g2000us-fixed-slack1ns-qos0us.jsonl
bound-sweep-qos,io_uring,"slack=1ns,qos=0us",1000,2000,fixed,51,2.885,0.501,6.162,7.163,0.741,5.941,0,0,1,,0af1ac47ec708595b91e5c15300556f2714314c1,4d34f460daf25f5b68bb980541acd9dd71ff7873,False,none,"io_uring_enter(getevents, ext_arg; single_issuer, defer_taskrun)",clang 22.1.8,alex-laptop,results/raw/2026-09-29-L-publication-0af1ac4/bound-sweep-qos/io_uring-1000us-g2000us-fixed-slack1ns-qos0us.jsonl
bound-sweep-qos,io_uring,"slack=1ns,qos=0us",10000,2000,fixed,51,5.179,5.049,5.670,9.759,5.129,5.200,0,0,1,,0af1ac47ec708595b91e5c15300556f2714314c1,4d34f460daf25f5b68bb980541acd9dd71ff7873,False,none,"io_uring_enter(getevents, ext_arg; single_issuer, defer_taskrun)",clang 22.1.8,alex-laptop,results/raw/2026-09-29-L-publication-0af1ac4/bound-sweep-qos/io_uring-10000us-g2000us-fixed-slack1ns-qos0us.jsonl
bound-sweep-qos,io_uring,"slack=1ns,qos=0us",100000,2000,fixed,51,5.180,5.070,5.300,7.504,5.120,5.209,0,0,1,,0af1ac47ec708595b91e5c15300556f2714314c1,4d34f460daf25f5b68bb980541acd9dd71ff7873,False,none,"io_uring_enter(getevents, ext_arg; single_issuer, defer_taskrun)",clang 22.1.8,alex-laptop,results/raw/2026-09-29-L-publication-0af1ac4/bound-sweep-qos/io_uring-100000us-g2000us-fixed-slack1ns-qos0us.jsonl
