series,kind,backend,variant,wait_us,phase_us,delay_us,b_eff_us
1,0,epoll,slack=1ns,1000,112.511,895.635,1007.836
1,0,epoll,slack=1ns,1000,112.912,894.833,1007.836
1,0,epoll,slack=1ns,1000,113.564,894.583,1007.836
1,0,epoll,slack=1ns,1000,112.912,894.693,1007.836
1,0,epoll,slack=1ns,1000,112.632,895.454,1007.836
1,0,epoll,slack=1ns,1000,112.833,894.993,1007.836
1,0,epoll,slack=1ns,1000,111.841,896.255,1007.836
1,0,epoll,slack=1ns,1000,112.822,895.154,1007.836
1,0,epoll,slack=1ns,1000,112.661,895.314,1007.836
1,0,epoll,slack=1ns,1000,111.870,896.346,1007.836
1,0,epoll,slack=1ns,1000,212.590,795.346,1007.836
1,0,epoll,slack=1ns,1000,213.051,794.715,1007.836
1,0,epoll,slack=1ns,1000,212.800,794.815,1007.836
1,0,epoll,slack=1ns,1000,213.131,794.785,1007.836
1,0,epoll,slack=1ns,1000,217.389,790.457,1007.836
1,0,epoll,slack=1ns,1000,212.780,795.195,1007.836
1,0,epoll,slack=1ns,1000,212.249,795.446,1007.836
1,0,epoll,slack=1ns,1000,211.968,796.068,1007.836
1,0,epoll,slack=1ns,1000,211.809,795.907,1007.836
1,0,epoll,slack=1ns,1000,211.898,795.777,1007.836
1,0,epoll,slack=1ns,1000,313.079,694.887,1007.836
1,0,epoll,slack=1ns,1000,312.668,694.917,1007.836
1,0,epoll,slack=1ns,1000,313.319,694.717,1007.836
1,0,epoll,slack=1ns,1000,313.089,695.238,1007.836
1,0,epoll,slack=1ns,1000,313.059,694.887,1007.836
1,0,epoll,slack=1ns,1000,312.759,694.917,1007.836
1,0,epoll,slack=1ns,1000,313.159,694.747,1007.836
1,0,epoll,slack=1ns,1000,313.290,694.957,1007.836
1,0,epoll,slack=1ns,1000,312.788,694.817,1007.836
1,0,epoll,slack=1ns,1000,312.819,694.746,1007.836
1,0,epoll,slack=1ns,1000,412.636,594.999,1007.836
1,0,epoll,slack=1ns,1000,412.846,595.310,1007.836
1,0,epoll,slack=1ns,1000,412.155,595.821,1007.836
1,0,epoll,slack=1ns,1000,411.744,596.251,1007.836
1,0,epoll,slack=1ns,1000,412.295,595.731,1007.836
1,0,epoll,slack=1ns,1000,412.386,595.831,1007.836
1,0,epoll,slack=1ns,1000,411.655,596.391,1007.836
1,0,epoll,slack=1ns,1000,411.634,596.312,1007.836
1,0,epoll,slack=1ns,1000,412.476,595.800,1007.836
1,0,epoll,slack=1ns,1000,412.425,595.861,1007.836
1,0,epoll,slack=1ns,1000,513.436,494.871,1007.836
1,0,epoll,slack=1ns,1000,512.774,495.312,1007.836
1,0,epoll,slack=1ns,1000,513.025,495.251,1007.836
1,0,epoll,slack=1ns,1000,512.664,495.342,1007.836
1,0,epoll,slack=1ns,1000,511.913,496.434,1007.836
1,0,epoll,slack=1ns,1000,512.785,495.191,1007.836
1,0,epoll,slack=1ns,1000,512.885,495.351,1007.836
1,0,epoll,slack=1ns,1000,512.544,495.361,1007.836
1,0,epoll,slack=1ns,1000,512.514,495.613,1007.836
1,0,epoll,slack=1ns,1000,512.694,495.162,1007.836
1,0,epoll,slack=1ns,1000,611.971,395.814,1007.836
1,0,epoll,slack=1ns,1000,611.911,395.925,1007.836
1,0,epoll,slack=1ns,1000,612.142,395.944,1007.836
1,0,epoll,slack=1ns,1000,612.002,395.874,1007.836
1,0,epoll,slack=1ns,1000,612.412,395.895,1007.836
1,0,epoll,slack=1ns,1000,612.201,395.835,1007.836
1,0,epoll,slack=1ns,1000,612.071,396.005,1007.836
1,0,epoll,slack=1ns,1000,611.781,395.924,1007.836
1,0,epoll,slack=1ns,1000,612.141,395.975,1007.836
1,0,epoll,slack=1ns,1000,611.951,395.935,1007.836
1,0,epoll,slack=1ns,1000,712.490,295.266,1007.836
1,0,epoll,slack=1ns,1000,712.680,295.436,1007.836
1,0,epoll,slack=1ns,1000,712.420,295.546,1007.836
1,0,epoll,slack=1ns,1000,712.109,295.807,1007.836
1,0,epoll,slack=1ns,1000,711.719,295.977,1007.836
1,0,epoll,slack=1ns,1000,712.149,295.747,1007.836
1,0,epoll,slack=1ns,1000,712.069,295.977,1007.836
1,0,epoll,slack=1ns,1000,712.180,299.894,1007.836
1,0,epoll,slack=1ns,1000,712.149,296.358,1007.836
1,0,epoll,slack=1ns,1000,711.989,295.746,1007.836
1,0,epoll,slack=1ns,1000,850.519,157.447,1007.836
1,0,epoll,slack=1ns,1000,848.667,159.550,1007.836
1,0,epoll,slack=1ns,1000,817.287,190.699,1007.836
1,0,epoll,slack=1ns,1000,812.529,195.387,1007.836
1,0,epoll,slack=1ns,1000,812.719,195.617,1007.836
1,0,epoll,slack=1ns,1000,813.230,194.856,1007.836
1,0,epoll,slack=1ns,1000,812.788,195.668,1007.836
1,0,epoll,slack=1ns,1000,812.258,196.249,1007.836
1,0,epoll,slack=1ns,1000,812.518,195.869,1007.836
1,0,epoll,slack=1ns,1000,811.967,195.818,1007.836
1,0,epoll,slack=1ns,1000,912.797,94.909,1007.836
1,0,epoll,slack=1ns,1000,913.117,94.969,1007.836
1,0,epoll,slack=1ns,1000,912.737,95.540,1007.836
1,0,epoll,slack=1ns,1000,913.107,94.798,1007.836
1,0,epoll,slack=1ns,1000,913.097,95.149,1007.836
1,0,epoll,slack=1ns,1000,914.290,94.137,1007.836
1,0,epoll,slack=1ns,1000,912.867,95.880,1007.836
1,0,epoll,slack=1ns,1000,912.607,95.690,1007.836
1,0,epoll,slack=1ns,1000,912.577,95.599,1007.836
1,0,epoll,slack=1ns,1000,912.918,95.489,1007.836
1,0,epoll,slack=1ns,1000,1013.195,1001.013,1007.836
1,0,epoll,slack=1ns,1000,1013.006,1000.802,1007.836
1,0,epoll,slack=1ns,1000,1012.755,1001.323,1007.836
1,0,epoll,slack=1ns,1000,1013.015,1001.244,1007.836
1,0,epoll,slack=1ns,1000,1012.925,1001.083,1007.836
1,0,epoll,slack=1ns,1000,1013.096,1001.043,1007.836
1,0,epoll,slack=1ns,1000,1012.755,1001.263,1007.836
1,0,epoll,slack=1ns,1000,1013.176,1001.443,1007.836
1,0,epoll,slack=1ns,1000,1014.187,999.510,1007.836
1,0,epoll,slack=1ns,1000,1012.865,1000.973,1007.836
1,0,epoll,slack=1ns,1000,1112.733,901.004,1007.836
1,0,epoll,slack=1ns,1000,1112.833,900.714,1007.836
1,0,epoll,slack=1ns,1000,1113.384,900.915,1007.836
1,0,epoll,slack=1ns,1000,1113.224,900.774,1007.836
1,0,epoll,slack=1ns,1000,1113.203,901.556,1007.836
1,0,epoll,slack=1ns,1000,1112.953,901.285,1007.836
1,0,epoll,slack=1ns,1000,1112.763,901.486,1007.836
1,0,epoll,slack=1ns,1000,1113.223,901.626,1007.836
1,0,epoll,slack=1ns,1000,1113.444,901.045,1007.836
1,0,epoll,slack=1ns,1000,1113.444,901.556,1007.836
1,0,epoll,slack=1ns,1000,1213.252,800.927,1007.836
1,0,epoll,slack=1ns,1000,1213.041,801.127,1007.836
1,0,epoll,slack=1ns,1000,1213.232,800.967,1007.836
1,0,epoll,slack=1ns,1000,1213.372,801.197,1007.836
1,0,epoll,slack=1ns,1000,1214.565,800.205,1007.836
1,0,epoll,slack=1ns,1000,1213.282,800.957,1007.836
1,0,epoll,slack=1ns,1000,1213.132,801.197,1007.836
1,0,epoll,slack=1ns,1000,1213.443,801.207,1007.836
1,0,epoll,slack=1ns,1000,1213.903,800.366,1007.836
1,0,epoll,slack=1ns,1000,1213.382,800.465,1007.836
1,0,epoll,slack=1ns,1000,1313.110,701.239,1007.836
1,0,epoll,slack=1ns,1000,1312.939,701.089,1007.836
1,0,epoll,slack=1ns,1000,1313.049,701.289,1007.836
1,0,epoll,slack=1ns,1000,1313.190,700.809,1007.836
1,0,epoll,slack=1ns,1000,1313.441,700.888,1007.836
1,0,epoll,slack=1ns,1000,1313.130,700.758,1007.836
1,0,epoll,slack=1ns,1000,1313.521,700.427,1007.836
1,0,epoll,slack=1ns,1000,1313.320,700.718,1007.836
1,0,epoll,slack=1ns,1000,1313.591,700.577,1007.836
1,0,epoll,slack=1ns,1000,1312.960,700.878,1007.836
1,0,epoll,slack=1ns,1000,1412.968,601.932,1007.836
1,0,epoll,slack=1ns,1000,1413.318,601.431,1007.836
1,0,epoll,slack=1ns,1000,1413.098,601.501,1007.836
1,0,epoll,slack=1ns,1000,1413.449,601.361,1007.836
1,0,epoll,slack=1ns,1000,1413.088,601.481,1007.836
1,0,epoll,slack=1ns,1000,1413.409,600.990,1007.836
1,0,epoll,slack=1ns,1000,1413.388,601.171,1007.836
1,0,epoll,slack=1ns,1000,1412.637,601.381,1007.836
1,0,epoll,slack=1ns,1000,1413.048,601.391,1007.836
1,0,epoll,slack=1ns,1000,1413.428,600.860,1007.836
1,0,epoll,slack=1ns,1000,1513.256,500.943,1007.836
1,0,epoll,slack=1ns,1000,1513.036,500.481,1007.836
1,0,epoll,slack=1ns,1000,1512.685,501.263,1007.836
1,0,epoll,slack=1ns,1000,1513.126,501.333,1007.836
1,0,epoll,slack=1ns,1000,1513.216,501.193,1007.836
1,0,epoll,slack=1ns,1000,1513.527,501.172,1007.836
1,0,epoll,slack=1ns,1000,1513.637,500.902,1007.836
1,0,epoll,slack=1ns,1000,1513.487,500.992,1007.836
1,0,epoll,slack=1ns,1000,1513.828,500.391,1007.836
1,0,epoll,slack=1ns,1000,1513.697,500.542,1007.836
1,0,epoll,slack=1ns,1000,1613.534,400.273,1007.836
1,0,epoll,slack=1ns,1000,1613.595,400.373,1007.836
1,0,epoll,slack=1ns,1000,1613.284,400.884,1007.836
1,0,epoll,slack=1ns,1000,1613.976,400.292,1007.836
1,0,epoll,slack=1ns,1000,1613.325,400.944,1007.836
1,0,epoll,slack=1ns,1000,1613.715,400.834,1007.836
1,0,epoll,slack=1ns,1000,1614.187,400.303,1007.836
1,0,epoll,slack=1ns,1000,1613.024,401.004,1007.836
1,0,epoll,slack=1ns,1000,1613.906,400.152,1007.836
1,0,epoll,slack=1ns,1000,1613.524,399.912,1007.836
1,0,epoll,slack=1ns,1000,1713.132,301.748,1007.836
1,0,epoll,slack=1ns,1000,1713.303,301.086,1007.836
1,0,epoll,slack=1ns,1000,1713.382,301.217,1007.836
1,0,epoll,slack=1ns,1000,1715.207,299.243,1007.836
1,0,epoll,slack=1ns,1000,1714.014,299.624,1007.836
1,0,epoll,slack=1ns,1000,1713.262,300.816,1007.836
1,0,epoll,slack=1ns,1000,1714.104,300.345,1007.836
1,0,epoll,slack=1ns,1000,1712.971,300.937,1007.836
1,0,epoll,slack=1ns,1000,1713.433,300.836,1007.836
1,0,epoll,slack=1ns,1000,1713.553,300.495,1007.836
1,0,epoll,slack=1ns,1000,1813.972,199.666,1007.836
1,0,epoll,slack=1ns,1000,1813.731,201.189,1007.836
1,0,epoll,slack=1ns,1000,1813.441,201.289,1007.836
1,0,epoll,slack=1ns,1000,1813.351,200.998,1007.836
1,0,epoll,slack=1ns,1000,1813.622,201.208,1007.836
1,0,epoll,slack=1ns,1000,1813.661,201.188,1007.836
1,0,epoll,slack=1ns,1000,1813.751,201.108,1007.836
1,0,epoll,slack=1ns,1000,1813.671,201.439,1007.836
1,0,epoll,slack=1ns,1000,1813.892,201.398,1007.836
1,0,epoll,slack=1ns,1000,1813.742,201.188,1007.836
1,0,epoll,slack=1ns,1000,1912.918,100.669,1007.836
1,0,epoll,slack=1ns,1000,1913.639,100.509,1007.836
1,0,epoll,slack=1ns,1000,1912.979,100.619,1007.836
1,0,epoll,slack=1ns,1000,1913.309,101.882,1007.836
1,0,epoll,slack=1ns,1000,1913.399,100.379,1007.836
1,0,epoll,slack=1ns,1000,1913.359,100.539,1007.836
1,0,epoll,slack=1ns,1000,1913.308,100.770,1007.836
1,0,epoll,slack=1ns,1000,1912.949,101.110,1007.836
1,0,epoll,slack=1ns,1000,1913.700,100.729,1007.836
1,0,epoll,slack=1ns,1000,1913.149,100.719,1007.836
1,0,epoll,slack=1ns,1000,2013.787,0.261,1007.836
1,0,epoll,slack=1ns,1000,2015.260,1.543,1007.836
1,0,epoll,slack=1ns,1000,2027.694,992.767,1007.836
1,0,epoll,slack=1ns,1000,2046.620,974.462,1007.836
1,0,epoll,slack=1ns,1000,2046.569,974.583,1007.836
1,0,epoll,slack=1ns,1000,2045.618,975.304,1007.836
1,0,epoll,slack=1ns,1000,2046.159,974.412,1007.836
1,0,epoll,slack=1ns,1000,2046.088,974.994,1007.836
1,0,epoll,slack=1ns,1000,2046.640,974.452,1007.836
1,0,epoll,slack=1ns,1000,2045.998,974.082,1007.836
1,0,epoll,slack=1ns,1000,2113.656,906.465,1007.836
1,0,epoll,slack=1ns,1000,2113.585,906.395,1007.836
1,0,epoll,slack=1ns,1000,2114.127,906.094,1007.836
1,0,epoll,slack=1ns,1000,2113.736,906.645,1007.836
1,0,epoll,slack=1ns,1000,2146.157,874.324,1007.836
1,0,epoll,slack=1ns,1000,2145.946,874.335,1007.836
1,0,epoll,slack=1ns,1000,2146.628,873.904,1007.836
1,0,epoll,slack=1ns,1000,2146.287,874.505,1007.836
1,0,epoll,slack=1ns,1000,2145.956,874.655,1007.836
1,0,epoll,slack=1ns,1000,2145.926,875.226,1007.836
1,0,epoll,slack=1ns,1000,2214.425,805.896,1007.836
1,0,epoll,slack=1ns,1000,2214.015,806.306,1007.836
1,0,epoll,slack=1ns,1000,2214.204,806.557,1007.836
1,0,epoll,slack=1ns,1000,2213.614,806.947,1007.836
1,0,epoll,slack=1ns,1000,2230.165,790.306,1007.836
1,0,epoll,slack=1ns,1000,2247.077,773.164,1007.836
1,0,epoll,slack=1ns,1000,2247.097,773.925,1007.836
1,0,epoll,slack=1ns,1000,2248.419,771.912,1007.836
1,0,epoll,slack=1ns,1000,2247.186,773.435,1007.836
1,0,epoll,slack=1ns,1000,2247.027,773.615,1007.836
1,0,epoll,slack=1ns,1000,2313.862,706.199,1007.836
1,0,epoll,slack=1ns,1000,2313.511,706.799,1007.836
1,0,epoll,slack=1ns,1000,2329.872,690.769,1007.836
1,0,epoll,slack=1ns,1000,2346.443,674.148,1007.836
1,0,epoll,slack=1ns,1000,2345.031,675.430,1007.836
1,0,epoll,slack=1ns,1000,2346.554,673.536,1007.836
1,0,epoll,slack=1ns,1000,2346.203,675.781,1007.836
1,0,epoll,slack=1ns,1000,2346.965,673.917,1007.836
1,0,epoll,slack=1ns,1000,2514.059,506.593,1007.836
1,0,epoll,slack=1ns,1000,2346.303,674.468,1007.836
1,0,epoll,slack=1ns,1000,2414.041,606.430,1007.836
1,0,epoll,slack=1ns,1000,2413.690,607.222,1007.836
1,0,epoll,slack=1ns,1000,2446.251,573.559,1007.836
1,0,epoll,slack=1ns,1000,2446.612,573.879,1007.836
1,0,epoll,slack=1ns,1000,2452.202,567.969,1007.836
1,0,epoll,slack=1ns,1000,2446.582,574.470,1007.836
1,0,epoll,slack=1ns,1000,2446.772,573.889,1007.836
1,0,epoll,slack=1ns,1000,2445.429,576.024,1007.836
1,0,epoll,slack=1ns,1000,2446.622,574.611,1007.836
1,0,epoll,slack=1ns,1000,2446.592,574.771,1007.836
1,0,epoll,slack=1ns,1000,2513.889,506.372,1007.836
1,0,epoll,slack=1ns,1000,2514.269,505.751,1007.836
1,0,epoll,slack=1ns,1000,2514.329,506.743,1007.836
1,0,epoll,slack=1ns,1000,2530.961,489.711,1007.836
1,0,epoll,slack=1ns,1000,2546.660,474.793,1007.836
1,0,epoll,slack=1ns,1000,2546.570,474.292,1007.836
1,0,epoll,slack=1ns,1000,2545.478,475.604,1007.836
1,0,epoll,slack=1ns,1000,2546.289,474.923,1007.836
1,0,epoll,slack=1ns,1000,2545.938,474.954,1007.836
1,0,epoll,slack=1ns,1000,2546.129,474.823,1007.836
1,0,epoll,slack=1ns,1000,2613.656,406.715,1007.836
1,0,epoll,slack=1ns,1000,2630.207,390.094,1007.836
1,0,epoll,slack=1ns,1000,2646.418,374.073,1007.836
1,0,epoll,slack=1ns,1000,2647.891,372.631,1007.836
1,0,epoll,slack=1ns,1000,2645.095,375.396,1007.836
1,0,epoll,slack=1ns,1000,2646.548,374.244,1007.836
1,0,epoll,slack=1ns,1000,2646.378,374.254,1007.836
1,0,epoll,slack=1ns,1000,2646.408,374.314,1007.836
1,0,epoll,slack=1ns,1000,2646.598,373.983,1007.836
1,0,epoll,slack=1ns,1000,2646.808,373.683,1007.836
1,0,epoll,slack=1ns,1000,2713.974,306.517,1007.836
1,0,epoll,slack=1ns,1000,2714.395,305.685,1007.836
1,0,epoll,slack=1ns,1000,2729.804,290.476,1007.836
1,0,epoll,slack=1ns,1000,2746.055,273.525,1007.836
1,0,epoll,slack=1ns,1000,2745.755,273.895,1007.836
1,0,epoll,slack=1ns,1000,2746.746,272.973,1007.836
1,0,epoll,slack=1ns,1000,2746.516,273.775,1007.836
1,0,epoll,slack=1ns,1000,2745.184,275.037,1007.836
1,0,epoll,slack=1ns,1000,2748.910,271.270,1007.836
1,0,epoll,slack=1ns,1000,2746.736,273.835,1007.836
1,0,epoll,slack=1ns,1000,2813.872,206.609,1007.836
1,0,epoll,slack=1ns,1000,2814.103,206.288,1007.836
1,0,epoll,slack=1ns,1000,2814.363,206.268,1007.836
1,0,epoll,slack=1ns,1000,2830.945,189.747,1007.836
1,0,epoll,slack=1ns,1000,2846.474,174.067,1007.836
1,0,epoll,slack=1ns,1000,2846.864,173.667,1007.836
1,0,epoll,slack=1ns,1000,2846.434,174.197,1007.836
1,0,epoll,slack=1ns,1000,2846.534,174.098,1007.836
1,0,epoll,slack=1ns,1000,2845.132,175.390,1007.836
1,0,epoll,slack=1ns,1000,2846.754,173.807,1007.836
1,0,epoll,slack=1ns,1000,2913.931,107.322,1007.836
1,0,epoll,slack=1ns,1000,2930.912,90.431,1007.836
1,0,epoll,slack=1ns,1000,2946.623,74.500,1007.836
1,0,epoll,slack=1ns,1000,2946.793,73.909,1007.836
1,0,epoll,slack=1ns,1000,2946.793,74.540,1007.836
1,0,epoll,slack=1ns,1000,2946.272,74.740,1007.836
1,0,epoll,slack=1ns,1000,2946.643,73.548,1007.836
1,0,epoll,slack=1ns,1000,2946.903,73.508,1007.836
1,0,epoll,slack=1ns,1000,2945.129,75.543,1007.836
1,0,epoll,slack=1ns,1000,2946.602,74.110,1007.836
1,0,epoll,slack=1ns,1000,3013.728,6.012,1007.836
1,0,epoll,slack=1ns,1000,3012.947,7.484,1007.836
1,0,epoll,slack=1ns,1000,3047.021,979.132,1007.836
1,0,epoll,slack=1ns,1000,3052.401,976.546,1007.836
1,0,epoll,slack=1ns,1000,3047.392,979.803,1007.836
1,0,epoll,slack=1ns,1000,3046.861,980.244,1007.836
1,0,epoll,slack=1ns,1000,3046.851,980.715,1007.836
1,0,epoll,slack=1ns,1000,3047.081,980.184,1007.836
1,0,epoll,slack=1ns,1000,3046.881,980.373,1007.836
1,0,epoll,slack=1ns,1000,3046.660,979.342,1007.836
1,1,epoll,slack=1ns,1000,0.000,1007.836,1007.836
1,1,epoll,slack=1ns,1000,1007.836,0.000,1007.836
1,1,epoll,slack=1ns,1000,nan,nan,1007.836
1,1,epoll,slack=1ns,1000,1007.836,1007.836,1007.836
1,1,epoll,slack=1ns,1000,2015.672,0.000,1007.836
1,1,epoll,slack=1ns,1000,nan,nan,1007.836
1,1,epoll,slack=1ns,1000,2015.672,1007.836,1007.836
1,1,epoll,slack=1ns,1000,3023.508,0.000,1007.836
1,1,epoll,slack=1ns,1000,nan,nan,1007.836
1,1,epoll,slack=1ns,1000,3023.508,1007.836,1007.836
1,1,epoll,slack=1ns,1000,3052.401,978.943,1007.836
2,0,io_uring,slack=1ns,1000,112.752,893.942,1006.934
2,0,io_uring,slack=1ns,1000,112.782,893.982,1006.934
2,0,io_uring,slack=1ns,1000,113.353,893.671,1006.934
2,0,io_uring,slack=1ns,1000,113.474,894.021,1006.934
2,0,io_uring,slack=1ns,1000,112.692,894.342,1006.934
2,0,io_uring,slack=1ns,1000,113.183,893.590,1006.934
2,0,io_uring,slack=1ns,1000,113.423,893.761,1006.934
2,0,io_uring,slack=1ns,1000,112.902,894.142,1006.934
2,0,io_uring,slack=1ns,1000,112.632,894.072,1006.934
2,0,io_uring,slack=1ns,1000,112.061,894.623,1006.934
2,0,io_uring,slack=1ns,1000,213.361,793.583,1006.934
2,0,io_uring,slack=1ns,1000,212.840,793.923,1006.934
2,0,io_uring,slack=1ns,1000,212.720,794.093,1006.934
2,0,io_uring,slack=1ns,1000,213.291,793.763,1006.934
2,0,io_uring,slack=1ns,1000,213.211,793.783,1006.934
2,0,io_uring,slack=1ns,1000,212.680,794.504,1006.934
2,0,io_uring,slack=1ns,1000,212.780,794.354,1006.934
2,0,io_uring,slack=1ns,1000,212.670,794.134,1006.934
2,0,io_uring,slack=1ns,1000,212.690,794.064,1006.934
2,0,io_uring,slack=1ns,1000,213.391,793.693,1006.934
2,0,io_uring,slack=1ns,1000,313.249,694.076,1006.934
2,0,io_uring,slack=1ns,1000,312.869,693.965,1006.934
2,0,io_uring,slack=1ns,1000,312.658,694.757,1006.934
2,0,io_uring,slack=1ns,1000,313.289,693.975,1006.934
2,0,io_uring,slack=1ns,1000,313.289,693.995,1006.934
2,0,io_uring,slack=1ns,1000,313.340,694.045,1006.934
2,0,io_uring,slack=1ns,1000,313.490,694.145,1006.934
2,0,io_uring,slack=1ns,1000,312.698,694.436,1006.934
2,0,io_uring,slack=1ns,1000,313.299,693.965,1006.934
2,0,io_uring,slack=1ns,1000,312.968,694.146,1006.934
2,0,io_uring,slack=1ns,1000,413.127,594.038,1006.934
2,0,io_uring,slack=1ns,1000,412.877,594.187,1006.934
2,0,io_uring,slack=1ns,1000,412.957,594.117,1006.934
2,0,io_uring,slack=1ns,1000,412.646,594.518,1006.934
2,0,io_uring,slack=1ns,1000,412.907,594.087,1006.934
2,0,io_uring,slack=1ns,1000,412.807,594.267,1006.934
2,0,io_uring,slack=1ns,1000,412.666,594.388,1006.934
2,0,io_uring,slack=1ns,1000,414.139,592.916,1006.934
2,0,io_uring,slack=1ns,1000,413.177,594.037,1006.934
2,0,io_uring,slack=1ns,1000,413.357,593.567,1006.934
2,0,io_uring,slack=1ns,1000,512.714,494.100,1006.934
2,0,io_uring,slack=1ns,1000,512.744,494.340,1006.934
2,0,io_uring,slack=1ns,1000,513.075,494.099,1006.934
2,0,io_uring,slack=1ns,1000,512.634,494.881,1006.934
2,0,io_uring,slack=1ns,1000,513.035,494.360,1006.934
2,0,io_uring,slack=1ns,1000,512.795,494.981,1006.934
2,0,io_uring,slack=1ns,1000,513.065,493.939,1006.934
2,0,io_uring,slack=1ns,1000,512.745,493.969,1006.934
2,0,io_uring,slack=1ns,1000,512.985,494.090,1006.934
2,0,io_uring,slack=1ns,1000,512.073,494.620,1006.934
2,0,io_uring,slack=1ns,1000,612.062,395.283,1006.934
2,0,io_uring,slack=1ns,1000,611.921,394.913,1006.934
2,0,io_uring,slack=1ns,1000,611.681,395.413,1006.934
2,0,io_uring,slack=1ns,1000,611.800,394.943,1006.934
2,0,io_uring,slack=1ns,1000,612.472,394.592,1006.934
2,0,io_uring,slack=1ns,1000,612.391,394.923,1006.934
2,0,io_uring,slack=1ns,1000,611.811,394.883,1006.934
2,0,io_uring,slack=1ns,1000,611.801,394.923,1006.934
2,0,io_uring,slack=1ns,1000,612.482,394.602,1006.934
2,0,io_uring,slack=1ns,1000,611.861,394.882,1006.934
2,0,io_uring,slack=1ns,1000,712.670,294.154,1006.934
2,0,io_uring,slack=1ns,1000,713.031,293.953,1006.934
2,0,io_uring,slack=1ns,1000,711.949,294.854,1006.934
2,0,io_uring,slack=1ns,1000,711.879,294.895,1006.934
2,0,io_uring,slack=1ns,1000,712.129,294.875,1006.934
2,0,io_uring,slack=1ns,1000,713.723,293.061,1006.934
2,0,io_uring,slack=1ns,1000,711.749,295.035,1006.934
2,0,io_uring,slack=1ns,1000,712.470,294.955,1006.934
2,0,io_uring,slack=1ns,1000,711.749,295.065,1006.934
2,0,io_uring,slack=1ns,1000,712.020,294.884,1006.934
2,0,io_uring,slack=1ns,1000,812.999,194.015,1006.934
2,0,io_uring,slack=1ns,1000,811.987,194.806,1006.934
2,0,io_uring,slack=1ns,1000,811.917,195.137,1006.934
2,0,io_uring,slack=1ns,1000,812.127,194.947,1006.934
2,0,io_uring,slack=1ns,1000,811.948,195.087,1006.934
2,0,io_uring,slack=1ns,1000,812.458,194.826,1006.934
2,0,io_uring,slack=1ns,1000,811.736,195.057,1006.934
2,0,io_uring,slack=1ns,1000,812.038,194.956,1006.934
2,0,io_uring,slack=1ns,1000,812.067,194.997,1006.934
2,0,io_uring,slack=1ns,1000,811.807,194.936,1006.934
2,0,io_uring,slack=1ns,1000,912.266,94.818,1006.934
2,0,io_uring,slack=1ns,1000,912.266,94.839,1006.934
2,0,io_uring,slack=1ns,1000,911.755,94.958,1006.934
2,0,io_uring,slack=1ns,1000,912.016,95.059,1006.934
2,0,io_uring,slack=1ns,1000,911.665,95.129,1006.934
2,0,io_uring,slack=1ns,1000,912.065,94.859,1006.934
2,0,io_uring,slack=1ns,1000,912.025,95.550,1006.934
2,0,io_uring,slack=1ns,1000,911.855,95.219,1006.934
2,0,io_uring,slack=1ns,1000,912.106,94.978,1006.934
2,0,io_uring,slack=1ns,1000,911.865,94.908,1006.934
2,0,io_uring,slack=1ns,1000,1013.176,998.919,1006.934
2,0,io_uring,slack=1ns,1000,1013.096,998.808,1006.934
2,0,io_uring,slack=1ns,1000,1012.805,999.420,1006.934
2,0,io_uring,slack=1ns,1000,1013.256,998.928,1006.934
2,0,io_uring,slack=1ns,1000,1013.296,998.898,1006.934
2,0,io_uring,slack=1ns,1000,1013.246,998.798,1006.934
2,0,io_uring,slack=1ns,1000,1012.785,999.981,1006.934
2,0,io_uring,slack=1ns,1000,1012.334,1000.001,1006.934
2,0,io_uring,slack=1ns,1000,1012.294,999.911,1006.934
2,0,io_uring,slack=1ns,1000,1012.204,999.951,1006.934
2,0,io_uring,slack=1ns,1000,1112.893,899.522,1006.934
2,0,io_uring,slack=1ns,1000,1113.134,899.071,1006.934
2,0,io_uring,slack=1ns,1000,1113.063,898.851,1006.934
2,0,io_uring,slack=1ns,1000,1113.034,899.040,1006.934
2,0,io_uring,slack=1ns,1000,1113.294,899.281,1006.934
2,0,io_uring,slack=1ns,1000,1113.344,899.262,1006.934
2,0,io_uring,slack=1ns,1000,1113.585,899.171,1006.934
2,0,io_uring,slack=1ns,1000,1113.053,899.191,1006.934
2,0,io_uring,slack=1ns,1000,1113.995,898.660,1006.934
2,0,io_uring,slack=1ns,1000,1112.943,899.011,1006.934
2,0,io_uring,slack=1ns,1000,1213.021,798.893,1006.934
2,0,io_uring,slack=1ns,1000,1213.101,799.073,1006.934
2,0,io_uring,slack=1ns,1000,1213.623,798.742,1006.934
2,0,io_uring,slack=1ns,1000,1213.503,799.082,1006.934
2,0,io_uring,slack=1ns,1000,1213.472,799.143,1006.934
2,0,io_uring,slack=1ns,1000,1213.142,799.384,1006.934
2,0,io_uring,slack=1ns,1000,1212.841,799.524,1006.934
2,0,io_uring,slack=1ns,1000,1213.312,799.884,1006.934
2,0,io_uring,slack=1ns,1000,1213.593,799.343,1006.934
2,0,io_uring,slack=1ns,1000,1213.222,799.624,1006.934
2,0,io_uring,slack=1ns,1000,1314.132,698.393,1006.934
2,0,io_uring,slack=1ns,1000,1313.350,699.326,1006.934
2,0,io_uring,slack=1ns,1000,1313.079,699.045,1006.934
2,0,io_uring,slack=1ns,1000,1313.580,698.534,1006.934
2,0,io_uring,slack=1ns,1000,1313.050,699.145,1006.934
2,0,io_uring,slack=1ns,1000,1313.150,699.155,1006.934
2,0,io_uring,slack=1ns,1000,1312.969,699.135,1006.934
2,0,io_uring,slack=1ns,1000,1313.140,699.025,1006.934
2,0,io_uring,slack=1ns,1000,1312.979,699.456,1006.934
2,0,io_uring,slack=1ns,1000,1313.521,698.674,1006.934
2,0,io_uring,slack=1ns,1000,1412.878,599.006,1006.934
2,0,io_uring,slack=1ns,1000,1413.398,598.666,1006.934
2,0,io_uring,slack=1ns,1000,1413.338,599.257,1006.934
2,0,io_uring,slack=1ns,1000,1418.758,592.084,1006.934
2,0,io_uring,slack=1ns,1000,1413.359,599.738,1006.934
2,0,io_uring,slack=1ns,1000,1413.078,599.377,1006.934
2,0,io_uring,slack=1ns,1000,1413.449,599.558,1006.934
2,0,io_uring,slack=1ns,1000,1413.318,599.468,1006.934
2,0,io_uring,slack=1ns,1000,1414.130,599.037,1006.934
2,0,io_uring,slack=1ns,1000,1413.539,598.996,1006.934
2,0,io_uring,slack=1ns,1000,1513.316,499.369,1006.934
2,0,io_uring,slack=1ns,1000,1513.416,499.750,1006.934
2,0,io_uring,slack=1ns,1000,1513.466,499.089,1006.934
2,0,io_uring,slack=1ns,1000,1513.537,498.667,1006.934
2,0,io_uring,slack=1ns,1000,1513.467,498.708,1006.934
2,0,io_uring,slack=1ns,1000,1513.307,499.219,1006.934
2,0,io_uring,slack=1ns,1000,1513.817,498.888,1006.934
2,0,io_uring,slack=1ns,1000,1513.396,499.299,1006.934
2,0,io_uring,slack=1ns,1000,1513.857,498.819,1006.934
2,0,io_uring,slack=1ns,1000,1513.116,499.339,1006.934
2,0,io_uring,slack=1ns,1000,1612.984,399.161,1006.934
2,0,io_uring,slack=1ns,1000,1613.415,398.389,1006.934
2,0,io_uring,slack=1ns,1000,1612.914,399.221,1006.934
2,0,io_uring,slack=1ns,1000,1613.354,398.760,1006.934
2,0,io_uring,slack=1ns,1000,1613.264,399.191,1006.934
2,0,io_uring,slack=1ns,1000,1613.565,398.880,1006.934
2,0,io_uring,slack=1ns,1000,1613.595,398.519,1006.934
2,0,io_uring,slack=1ns,1000,1614.546,398.119,1006.934
2,0,io_uring,slack=1ns,1000,1614.236,398.589,1006.934
2,0,io_uring,slack=1ns,1000,1613.906,398.880,1006.934
2,0,io_uring,slack=1ns,1000,1712.912,298.822,1006.934
2,0,io_uring,slack=1ns,1000,1713.623,298.131,1006.934
2,0,io_uring,slack=1ns,1000,1713.283,298.792,1006.934
2,0,io_uring,slack=1ns,1000,1713.613,298.982,1006.934
2,0,io_uring,slack=1ns,1000,1713.363,298.822,1006.934
2,0,io_uring,slack=1ns,1000,1713.453,298.191,1006.934
2,0,io_uring,slack=1ns,1000,1713.773,298.652,1006.934
2,0,io_uring,slack=1ns,1000,1713.363,299.523,1006.934
2,0,io_uring,slack=1ns,1000,1713.373,299.363,1006.934
2,0,io_uring,slack=1ns,1000,1713.483,298.672,1006.934
2,0,io_uring,slack=1ns,1000,1813.261,199.305,1006.934
2,0,io_uring,slack=1ns,1000,1813.340,198.694,1006.934
2,0,io_uring,slack=1ns,1000,1813.521,198.463,1006.934
2,0,io_uring,slack=1ns,1000,1813.360,199.756,1006.934
2,0,io_uring,slack=1ns,1000,1813.241,198.874,1006.934
2,0,io_uring,slack=1ns,1000,1813.240,198.794,1006.934
2,0,io_uring,slack=1ns,1000,1813.822,198.463,1006.934
2,0,io_uring,slack=1ns,1000,1814.072,198.483,1006.934
2,0,io_uring,slack=1ns,1000,1814.342,198.594,1006.934
2,0,io_uring,slack=1ns,1000,1813.360,199.085,1006.934
2,0,io_uring,slack=1ns,1000,1912.888,98.826,1006.934
2,0,io_uring,slack=1ns,1000,1913.669,98.525,1006.934
2,0,io_uring,slack=1ns,1000,1913.949,98.416,1006.934
2,0,io_uring,slack=1ns,1000,1913.669,98.736,1006.934
2,0,io_uring,slack=1ns,1000,1914.161,98.204,1006.934
2,0,io_uring,slack=1ns,1000,1913.719,98.736,1006.934
2,0,io_uring,slack=1ns,1000,1913.749,98.396,1006.934
2,0,io_uring,slack=1ns,1000,1913.499,98.585,1006.934
2,0,io_uring,slack=1ns,1000,1913.599,98.555,1006.934
2,0,io_uring,slack=1ns,1000,1913.589,98.816,1006.934
2,0,io_uring,slack=1ns,1000,2014.118,1003.137,1006.934
2,0,io_uring,slack=1ns,1000,2013.907,1003.738,1006.934
2,0,io_uring,slack=1ns,1000,2013.337,1004.239,1006.934
2,0,io_uring,slack=1ns,1000,2014.118,1003.829,1006.934
2,0,io_uring,slack=1ns,1000,2014.399,1003.217,1006.934
2,0,io_uring,slack=1ns,1000,2013.818,1003.698,1006.934
2,0,io_uring,slack=1ns,1000,2014.208,1003.367,1006.934
2,0,io_uring,slack=1ns,1000,2029.918,987.888,1006.934
2,0,io_uring,slack=1ns,1000,2046.098,971.036,1006.934
2,0,io_uring,slack=1ns,1000,2045.848,971.508,1006.934
2,0,io_uring,slack=1ns,1000,2114.176,902.748,1006.934
2,0,io_uring,slack=1ns,1000,2113.916,903.449,1006.934
2,0,io_uring,slack=1ns,1000,2114.167,903.569,1006.934
2,0,io_uring,slack=1ns,1000,2131.629,885.636,1006.934
2,0,io_uring,slack=1ns,1000,2145.876,871.930,1006.934
2,0,io_uring,slack=1ns,1000,2146.537,871.389,1006.934
2,0,io_uring,slack=1ns,1000,2146.497,871.519,1006.934
2,0,io_uring,slack=1ns,1000,2145.125,872.872,1006.934
2,0,io_uring,slack=1ns,1000,2146.558,871.629,1006.934
2,0,io_uring,slack=1ns,1000,2146.177,871.519,1006.934
2,0,io_uring,slack=1ns,1000,2213.754,803.922,1006.934
2,0,io_uring,slack=1ns,1000,2213.494,803.812,1006.934
2,0,io_uring,slack=1ns,1000,2213.884,803.832,1006.934
2,0,io_uring,slack=1ns,1000,2229.794,788.082,1006.934
2,0,io_uring,slack=1ns,1000,2245.884,771.521,1006.934
2,0,io_uring,slack=1ns,1000,2246.125,771.611,1006.934
2,0,io_uring,slack=1ns,1000,2246.445,770.940,1006.934
2,0,io_uring,slack=1ns,1000,2251.776,765.530,1006.934
2,0,io_uring,slack=1ns,1000,2246.205,771.371,1006.934
2,0,io_uring,slack=1ns,1000,2246.545,771.221,1006.934
2,0,io_uring,slack=1ns,1000,2314.484,703.683,1006.934
2,0,io_uring,slack=1ns,1000,2314.303,703.673,1006.934
2,0,io_uring,slack=1ns,1000,2330.113,688.595,1006.934
2,0,io_uring,slack=1ns,1000,2346.494,671.573,1006.934
2,0,io_uring,slack=1ns,1000,2346.874,671.092,1006.934
2,0,io_uring,slack=1ns,1000,2345.812,671.894,1006.934
2,0,io_uring,slack=1ns,1000,2346.434,670.952,1006.934
2,0,io_uring,slack=1ns,1000,2346.864,670.982,1006.934
2,0,io_uring,slack=1ns,1000,2347.164,670.862,1006.934
2,0,io_uring,slack=1ns,1000,2347.055,670.371,1006.934
2,0,io_uring,slack=1ns,1000,2413.229,603.455,1006.934
2,0,io_uring,slack=1ns,1000,2413.911,603.525,1006.934
2,0,io_uring,slack=1ns,1000,2446.101,570.954,1006.934
2,0,io_uring,slack=1ns,1000,2445.970,571.565,1006.934
2,0,io_uring,slack=1ns,1000,2445.870,572.186,1006.934
2,0,io_uring,slack=1ns,1000,2445.690,572.106,1006.934
2,0,io_uring,slack=1ns,1000,2446.361,572.136,1006.934
2,0,io_uring,slack=1ns,1000,2447.804,570.614,1006.934
2,0,io_uring,slack=1ns,1000,2446.572,571.555,1006.934
2,0,io_uring,slack=1ns,1000,2446.181,571.555,1006.934
2,0,io_uring,slack=1ns,1000,2514.069,503.597,1006.934
2,0,io_uring,slack=1ns,1000,2514.580,503.407,1006.934
2,0,io_uring,slack=1ns,1000,2530.058,487.878,1006.934
2,0,io_uring,slack=1ns,1000,2546.469,471.247,1006.934
2,0,io_uring,slack=1ns,1000,2546.369,471.357,1006.934
2,0,io_uring,slack=1ns,1000,2546.640,471.126,1006.934
2,0,io_uring,slack=1ns,1000,2546.159,471.226,1006.934
2,0,io_uring,slack=1ns,1000,2546.700,471.377,1006.934
2,0,io_uring,slack=1ns,1000,2546.550,471.006,1006.934
2,0,io_uring,slack=1ns,1000,2546.219,471.247,1006.934
2,0,io_uring,slack=1ns,1000,2613.826,403.680,1006.934
2,0,io_uring,slack=1ns,1000,2614.127,403.659,1006.934
2,0,io_uring,slack=1ns,1000,2629.866,387.779,1006.934
2,0,io_uring,slack=1ns,1000,2647.229,370.196,1006.934
2,0,io_uring,slack=1ns,1000,2645.406,371.679,1006.934
2,0,io_uring,slack=1ns,1000,2645.757,371.258,1006.934
2,0,io_uring,slack=1ns,1000,2646.368,371.519,1006.934
2,0,io_uring,slack=1ns,1000,2646.718,370.958,1006.934
2,0,io_uring,slack=1ns,1000,2646.198,371.659,1006.934
2,0,io_uring,slack=1ns,1000,2646.167,371.629,1006.934
2,0,io_uring,slack=1ns,1000,2714.245,304.182,1006.934
2,0,io_uring,slack=1ns,1000,2729.775,288.222,1006.934
2,0,io_uring,slack=1ns,1000,2745.714,272.453,1006.934
2,0,io_uring,slack=1ns,1000,2746.546,271.411,1006.934
2,0,io_uring,slack=1ns,1000,2746.265,271.491,1006.934
2,0,io_uring,slack=1ns,1000,2746.486,270.899,1006.934
2,0,io_uring,slack=1ns,1000,2744.642,273.404,1006.934
2,0,io_uring,slack=1ns,1000,2746.305,270.339,1006.934
2,0,io_uring,slack=1ns,1000,2746.375,272.062,1006.934
2,0,io_uring,slack=1ns,1000,2746.386,272.252,1006.934
2,0,io_uring,slack=1ns,1000,2813.812,203.964,1006.934
2,0,io_uring,slack=1ns,1000,2829.612,188.895,1006.934
2,0,io_uring,slack=1ns,1000,2846.815,170.540,1006.934
2,0,io_uring,slack=1ns,1000,2846.424,171.292,1006.934
2,0,io_uring,slack=1ns,1000,2846.494,170.721,1006.934
2,0,io_uring,slack=1ns,1000,2846.935,170.591,1006.934
2,0,io_uring,slack=1ns,1000,2844.841,172.334,1006.934
2,0,io_uring,slack=1ns,1000,2846.945,170.470,1006.934
2,0,io_uring,slack=1ns,1000,2846.985,170.902,1006.934
2,0,io_uring,slack=1ns,1000,2847.215,170.721,1006.934
2,0,io_uring,slack=1ns,1000,2913.881,103.484,1006.934
2,0,io_uring,slack=1ns,1000,2928.808,88.727,1006.934
2,0,io_uring,slack=1ns,1000,2946.382,71.094,1006.934
2,0,io_uring,slack=1ns,1000,2946.462,70.984,1006.934
2,0,io_uring,slack=1ns,1000,2945.410,71.384,1006.934
2,0,io_uring,slack=1ns,1000,2946.582,70.983,1006.934
2,0,io_uring,slack=1ns,1000,2944.558,72.597,1006.934
2,0,io_uring,slack=1ns,1000,2946.452,70.973,1006.934
2,0,io_uring,slack=1ns,1000,2946.452,72.146,1006.934
2,0,io_uring,slack=1ns,1000,2945.991,71.995,1006.934
2,0,io_uring,slack=1ns,1000,3014.921,2.214,1006.934
2,0,io_uring,slack=1ns,1000,3046.860,976.387,1006.934
2,0,io_uring,slack=1ns,1000,3046.541,975.935,1006.934
2,0,io_uring,slack=1ns,1000,3046.971,976.146,1006.934
2,0,io_uring,slack=1ns,1000,3051.319,972.058,1006.934
2,0,io_uring,slack=1ns,1000,3047.031,976.516,1006.934
2,0,io_uring,slack=1ns,1000,3046.870,976.377,1006.934
2,0,io_uring,slack=1ns,1000,3045.719,978.310,1006.934
2,0,io_uring,slack=1ns,1000,3045.929,977.097,1006.934
2,0,io_uring,slack=1ns,1000,3046.941,976.186,1006.934
2,1,io_uring,slack=1ns,1000,0.000,1006.934,1006.934
2,1,io_uring,slack=1ns,1000,1006.934,0.000,1006.934
2,1,io_uring,slack=1ns,1000,nan,nan,1006.934
2,1,io_uring,slack=1ns,1000,1006.934,1006.934,1006.934
2,1,io_uring,slack=1ns,1000,2013.868,0.000,1006.934
2,1,io_uring,slack=1ns,1000,nan,nan,1006.934
2,1,io_uring,slack=1ns,1000,2013.868,1006.934,1006.934
2,1,io_uring,slack=1ns,1000,3020.802,0.000,1006.934
2,1,io_uring,slack=1ns,1000,nan,nan,1006.934
2,1,io_uring,slack=1ns,1000,3020.802,1006.934,1006.934
2,1,io_uring,slack=1ns,1000,3051.319,976.417,1006.934
3,0,iocp,timer=default,1000,963.000,14630.900,15653.400
3,0,iocp,timer=default,1000,926.200,14700.100,15653.400
3,0,iocp,timer=default,1000,891.300,14720.600,15653.400
3,0,iocp,timer=default,1000,933.200,14648.700,15653.400
3,0,iocp,timer=default,1000,912.800,15096.700,15653.400
3,0,iocp,timer=default,1000,935.100,14662.000,15653.400
3,0,iocp,timer=default,1000,1031.300,14374.500,15653.400
3,0,iocp,timer=default,1000,924.800,14889.300,15653.400
3,0,iocp,timer=default,1000,940.000,15456.700,15653.400
3,0,iocp,timer=default,1000,1121.900,14731.800,15653.400
3,0,iocp,timer=default,1000,2375.600,13660.000,15653.400
3,0,iocp,timer=default,1000,2425.800,13120.200,15653.400
3,0,iocp,timer=default,1000,2382.700,13691.200,15653.400
3,0,iocp,timer=default,1000,2409.100,13144.800,15653.400
3,0,iocp,timer=default,1000,2430.700,13097.700,15653.400
3,0,iocp,timer=default,1000,2422.400,13583.600,15653.400
3,0,iocp,timer=default,1000,2455.600,13528.000,15653.400
3,0,iocp,timer=default,1000,2579.900,13034.000,15653.400
3,0,iocp,timer=default,1000,2460.400,13107.800,15653.400
3,0,iocp,timer=default,1000,2391.900,13676.200,15653.400
3,0,iocp,timer=default,1000,4481.900,11517.200,15653.400
3,0,iocp,timer=default,1000,3938.300,12112.500,15653.400
3,0,iocp,timer=default,1000,4090.000,11438.500,15653.400
3,0,iocp,timer=default,1000,4208.800,11794.000,15653.400
3,0,iocp,timer=default,1000,3945.800,12108.500,15653.400
3,0,iocp,timer=default,1000,3901.000,12584.200,15653.400
3,0,iocp,timer=default,1000,3913.200,11526.000,15653.400
3,0,iocp,timer=default,1000,3965.800,11041.800,15653.400
3,0,iocp,timer=default,1000,4018.900,11477.900,15653.400
3,0,iocp,timer=default,1000,4290.300,11553.500,15653.400
3,0,iocp,timer=default,1000,5604.600,9575.600,15653.400
3,0,iocp,timer=default,1000,5641.800,9573.200,15653.400
3,0,iocp,timer=default,1000,5495.300,11038.900,15653.400
3,0,iocp,timer=default,1000,5578.500,10172.600,15653.400
3,0,iocp,timer=default,1000,5502.000,9740.800,15653.400
3,0,iocp,timer=default,1000,5775.300,10195.800,15653.400
3,0,iocp,timer=default,1000,5986.900,9966.200,15653.400
3,0,iocp,timer=default,1000,5588.300,10497.300,15653.400
3,0,iocp,timer=default,1000,5990.400,9409.200,15653.400
3,0,iocp,timer=default,1000,5628.800,10618.100,15653.400
3,0,iocp,timer=default,1000,7011.800,9069.900,15653.400
3,0,iocp,timer=default,1000,6999.800,8011.300,15653.400
3,0,iocp,timer=default,1000,7015.800,9261.500,15653.400
3,0,iocp,timer=default,1000,7324.500,8104.800,15653.400
3,0,iocp,timer=default,1000,7000.300,8876.000,15653.400
3,0,iocp,timer=default,1000,7003.900,8757.100,15653.400
3,0,iocp,timer=default,1000,7379.200,8322.900,15653.400
3,0,iocp,timer=default,1000,7414.500,7703.100,15653.400
3,0,iocp,timer=default,1000,7013.600,8397.300,15653.400
3,0,iocp,timer=default,1000,7018.100,8370.900,15653.400
3,0,iocp,timer=default,1000,8636.300,7359.400,15653.400
3,0,iocp,timer=default,1000,8918.000,7070.500,15653.400
3,0,iocp,timer=default,1000,8934.700,6053.600,15653.400
3,0,iocp,timer=default,1000,8945.200,6207.400,15653.400
3,0,iocp,timer=default,1000,8670.000,7350.900,15653.400
3,0,iocp,timer=default,1000,8668.500,7369.300,15653.400
3,0,iocp,timer=default,1000,8888.400,7084.500,15653.400
3,0,iocp,timer=default,1000,8637.900,6497.500,15653.400
3,0,iocp,timer=default,1000,8634.000,6908.300,15653.400
3,0,iocp,timer=default,1000,8819.100,7114.200,15653.400
3,0,iocp,timer=default,1000,10378.800,5098.200,15653.400
3,0,iocp,timer=default,1000,10852.200,5051.500,15653.400
3,0,iocp,timer=default,1000,10446.400,5695.600,15653.400
3,0,iocp,timer=default,1000,10906.800,5167.900,15653.400
3,0,iocp,timer=default,1000,10394.400,5071.200,15653.400
3,0,iocp,timer=default,1000,10850.600,4087.400,15653.400
3,0,iocp,timer=default,1000,10376.200,5104.000,15653.400
3,0,iocp,timer=default,1000,10565.100,4749.200,15653.400
3,0,iocp,timer=default,1000,10859.400,4580.100,15653.400
3,0,iocp,timer=default,1000,10586.900,5163.500,15653.400
3,0,iocp,timer=default,1000,11860.700,4631.600,15653.400
3,0,iocp,timer=default,1000,11870.600,4092.000,15653.400
3,0,iocp,timer=default,1000,11927.800,4215.800,15653.400
3,0,iocp,timer=default,1000,12322.900,3723.600,15653.400
3,0,iocp,timer=default,1000,11944.200,3082.200,15653.400
3,0,iocp,timer=default,1000,11962.000,3823.000,15653.400
3,0,iocp,timer=default,1000,12337.000,3012.000,15653.400
3,0,iocp,timer=default,1000,11959.300,3145.900,15653.400
3,0,iocp,timer=default,1000,12372.400,3489.500,15653.400
3,0,iocp,timer=default,1000,12252.500,2996.600,15653.400
3,0,iocp,timer=default,1000,13636.700,2260.000,15653.400
3,0,iocp,timer=default,1000,13785.700,2078.700,15653.400
3,0,iocp,timer=default,1000,13335.000,2084.900,15653.400
3,0,iocp,timer=default,1000,13336.700,2191.100,15653.400
3,0,iocp,timer=default,1000,13859.200,2470.800,15653.400
3,0,iocp,timer=default,1000,13369.600,2069.600,15653.400
3,0,iocp,timer=default,1000,13333.400,2085.900,15653.400
3,0,iocp,timer=default,1000,13770.100,2055.200,15653.400
3,0,iocp,timer=default,1000,13349.300,2116.200,15653.400
3,0,iocp,timer=default,1000,13511.900,1800.800,15653.400
3,0,iocp,timer=default,1000,15574.100,16440.400,15653.400
3,0,iocp,timer=default,1000,15536.900,15553.300,15653.400
3,0,iocp,timer=default,1000,15556.900,15057.900,15653.400
3,0,iocp,timer=default,1000,15637.900,15545.700,15653.400
3,0,iocp,timer=default,1000,15223.600,15969.600,15653.400
3,0,iocp,timer=default,1000,15661.900,15390.200,15653.400
3,0,iocp,timer=default,1000,15759.200,15261.900,15653.400
3,0,iocp,timer=default,1000,15061.200,1063.000,15653.400
3,0,iocp,timer=default,1000,15665.300,16389.200,15653.400
3,0,iocp,timer=default,1000,15843.300,15232.700,15653.400
3,0,iocp,timer=default,1000,17384.900,14544.700,15653.400
3,0,iocp,timer=default,1000,16909.900,13782.500,15653.400
3,0,iocp,timer=default,1000,16709.000,14008.900,15653.400
3,0,iocp,timer=default,1000,16575.800,15052.000,15653.400
3,0,iocp,timer=default,1000,16567.800,14039.600,15653.400
3,0,iocp,timer=default,1000,16548.400,15669.500,15653.400
3,0,iocp,timer=default,1000,16722.100,14160.900,15653.400
3,0,iocp,timer=default,1000,16892.400,15268.900,15653.400
3,0,iocp,timer=default,1000,16633.200,14929.800,15653.400
3,0,iocp,timer=default,1000,16598.400,13756.700,15653.400
3,0,iocp,timer=default,1000,18311.800,12837.100,15653.400
3,0,iocp,timer=default,1000,18472.800,13055.800,15653.400
3,0,iocp,timer=default,1000,17888.000,14574.200,15653.400
3,0,iocp,timer=default,1000,18310.100,13089.700,15653.400
3,0,iocp,timer=default,1000,17881.400,14166.500,15653.400
3,0,iocp,timer=default,1000,18097.000,13100.500,15653.400
3,0,iocp,timer=default,1000,17887.600,13179.200,15653.400
3,0,iocp,timer=default,1000,17938.300,13134.900,15653.400
3,0,iocp,timer=default,1000,17889.200,14199.800,15653.400
3,0,iocp,timer=default,1000,18012.800,14234.000,15653.400
3,0,iocp,timer=default,1000,19536.300,13041.700,15653.400
3,0,iocp,timer=default,1000,19918.200,10650.300,15653.400
3,0,iocp,timer=default,1000,19853.700,12112.100,15653.400
3,0,iocp,timer=default,1000,19464.400,12121.800,15653.400
3,0,iocp,timer=default,1000,19472.700,11536.600,15653.400
3,0,iocp,timer=default,1000,20305.000,10408.300,15653.400
3,0,iocp,timer=default,1000,19459.800,12118.700,15653.400
3,0,iocp,timer=default,1000,19468.100,11684.500,15653.400
3,0,iocp,timer=default,1000,19836.500,12089.900,15653.400
3,0,iocp,timer=default,1000,19481.300,11583.900,15653.400
3,0,iocp,timer=default,1000,21558.900,9119.900,15653.400
3,0,iocp,timer=default,1000,21562.400,10189.000,15653.400
3,0,iocp,timer=default,1000,21975.600,10142.800,15653.400
3,0,iocp,timer=default,1000,21664.300,10599.800,15653.400
3,0,iocp,timer=default,1000,21562.800,9651.700,15653.400
3,0,iocp,timer=default,1000,21559.300,10234.600,15653.400
3,0,iocp,timer=default,1000,21991.700,9624.600,15653.400
3,0,iocp,timer=default,1000,21759.600,10611.300,15653.400
3,0,iocp,timer=default,1000,21963.400,10112.000,15653.400
3,0,iocp,timer=default,1000,21890.500,9881.600,15653.400
3,0,iocp,timer=default,1000,23006.900,8695.300,15653.400
3,0,iocp,timer=default,1000,23153.200,8027.000,15653.400
3,0,iocp,timer=default,1000,22876.500,8593.000,15653.400
3,0,iocp,timer=default,1000,22873.800,7850.700,15653.400
3,0,iocp,timer=default,1000,22995.600,8565.600,15653.400
3,0,iocp,timer=default,1000,23353.400,7680.700,15653.400
3,0,iocp,timer=default,1000,23105.700,7856.100,15653.400
3,0,iocp,timer=default,1000,22866.400,8693.300,15653.400
3,0,iocp,timer=default,1000,22920.100,8608.200,15653.400
3,0,iocp,timer=default,1000,22889.700,9170.200,15653.400
3,0,iocp,timer=default,1000,24812.200,6743.000,15653.400
3,0,iocp,timer=default,1000,24768.300,5720.400,15653.400
3,0,iocp,timer=default,1000,24547.100,6567.700,15653.400
3,0,iocp,timer=default,1000,24313.100,6705.400,15653.400
3,0,iocp,timer=default,1000,25282.600,6714.300,15653.400
3,0,iocp,timer=default,1000,24778.300,6064.300,15653.400
3,0,iocp,timer=default,1000,24391.900,7136.100,15653.400
3,0,iocp,timer=default,1000,24579.400,6518.900,15653.400
3,0,iocp,timer=default,1000,24430.400,7076.000,15653.400
3,0,iocp,timer=default,1000,24325.600,7155.500,15653.400
3,0,iocp,timer=default,1000,25602.200,5647.600,15653.400
3,0,iocp,timer=default,1000,25526.400,5078.500,15653.400
3,0,iocp,timer=default,1000,25609.700,5110.900,15653.400
3,0,iocp,timer=default,1000,26018.400,5462.500,15653.400
3,0,iocp,timer=default,1000,25957.700,5109.700,15653.400
3,0,iocp,timer=default,1000,25667.200,5794.500,15653.400
3,0,iocp,timer=default,1000,25544.100,6177.500,15653.400
3,0,iocp,timer=default,1000,25989.400,5416.400,15653.400
3,0,iocp,timer=default,1000,26063.300,5451.700,15653.400
3,0,iocp,timer=default,1000,25800.600,5096.000,15653.400
3,0,iocp,timer=default,1000,27867.700,4086.300,15653.400
3,0,iocp,timer=default,1000,28328.600,3099.600,15653.400
3,0,iocp,timer=default,1000,28361.600,3066.700,15653.400
3,0,iocp,timer=default,1000,28322.000,3125.000,15653.400
3,0,iocp,timer=default,1000,27984.500,3083.500,15653.400
3,0,iocp,timer=default,1000,27883.000,4066.500,15653.400
3,0,iocp,timer=default,1000,28228.900,3697.500,15653.400
3,0,iocp,timer=default,1000,28358.500,2624.000,15653.400
3,0,iocp,timer=default,1000,27994.600,3078.700,15653.400
3,0,iocp,timer=default,1000,28920.700,2127.300,15653.400
3,0,iocp,timer=default,1000,29022.200,2095.300,15653.400
3,0,iocp,timer=default,1000,29142.500,2075.500,15653.400
3,0,iocp,timer=default,1000,29018.600,3079.900,15653.400
3,0,iocp,timer=default,1000,29481.000,2224.500,15653.400
3,0,iocp,timer=default,1000,29069.300,2110.900,15653.400
3,0,iocp,timer=default,1000,29447.300,2029.000,15653.400
3,0,iocp,timer=default,1000,29106.600,1940.400,15653.400
3,0,iocp,timer=default,1000,29360.400,2061.500,15653.400
3,0,iocp,timer=default,1000,29449.300,2079.800,15653.400
3,0,iocp,timer=default,1000,29184.300,1496.300,15653.400
3,0,iocp,timer=default,1000,31019.400,15012.300,15653.400
3,0,iocp,timer=default,1000,30352.700,1186.800,15653.400
3,0,iocp,timer=default,1000,31291.800,15419.200,15653.400
3,0,iocp,timer=default,1000,30312.300,1063.700,15653.400
3,0,iocp,timer=default,1000,30231.400,1057.600,15653.400
3,0,iocp,timer=default,1000,30858.500,1041.800,15653.400
3,0,iocp,timer=default,1000,30458.000,1095.000,15653.400
3,0,iocp,timer=default,1000,30565.100,1173.900,15653.400
3,0,iocp,timer=default,1000,30582.800,1181.700,15653.400
3,0,iocp,timer=default,1000,30377.000,1057.700,15653.400
3,0,iocp,timer=default,1000,32131.100,13559.300,15653.400
3,0,iocp,timer=default,1000,32283.400,14250.600,15653.400
3,0,iocp,timer=default,1000,32489.200,15701.000,15653.400
3,0,iocp,timer=default,1000,32681.000,15119.300,15653.400
3,0,iocp,timer=default,1000,32541.800,14532.400,15653.400
3,0,iocp,timer=default,1000,32354.300,14203.300,15653.400
3,0,iocp,timer=default,1000,32433.600,16003.300,15653.400
3,0,iocp,timer=default,1000,32361.900,14877.000,15653.400
3,0,iocp,timer=default,1000,32922.900,14106.500,15653.400
3,0,iocp,timer=default,1000,32397.600,14199.100,15653.400
3,0,iocp,timer=default,1000,34025.700,13625.600,15653.400
3,0,iocp,timer=default,1000,33686.200,13996.100,15653.400
3,0,iocp,timer=default,1000,33690.000,13022.000,15653.400
3,0,iocp,timer=default,1000,33653.100,13845.000,15653.400
3,0,iocp,timer=default,1000,33666.300,13394.700,15653.400
3,0,iocp,timer=default,1000,33899.400,14110.700,15653.400
3,0,iocp,timer=default,1000,33965.800,14103.600,15653.400
3,0,iocp,timer=default,1000,33658.200,13097.600,15653.400
3,0,iocp,timer=default,1000,33671.600,12332.800,15653.400
3,0,iocp,timer=default,1000,33677.700,13226.900,15653.400
3,0,iocp,timer=default,1000,35136.600,12524.400,15653.400
3,0,iocp,timer=default,1000,35132.300,11732.400,15653.400
3,0,iocp,timer=default,1000,35553.700,12092.000,15653.400
3,0,iocp,timer=default,1000,35413.200,11592.100,15653.400
3,0,iocp,timer=default,1000,35121.800,11088.500,15653.400
3,0,iocp,timer=default,1000,35359.300,11550.500,15653.400
3,0,iocp,timer=default,1000,35239.100,11880.200,15653.400
3,0,iocp,timer=default,1000,35595.400,11633.700,15653.400
3,0,iocp,timer=default,1000,35132.900,12581.900,15653.400
3,0,iocp,timer=default,1000,35602.500,10677.400,15653.400
3,0,iocp,timer=default,1000,36975.400,8962.200,15653.400
3,0,iocp,timer=default,1000,37103.400,9140.200,15653.400
3,0,iocp,timer=default,1000,37573.000,10637.800,15653.400
3,0,iocp,timer=default,1000,37092.900,9744.700,15653.400
3,0,iocp,timer=default,1000,37462.400,10119.100,15653.400
3,0,iocp,timer=default,1000,37463.800,10061.600,15653.400
3,0,iocp,timer=default,1000,37395.000,10099.200,15653.400
3,0,iocp,timer=default,1000,37190.900,9129.400,15653.400
3,0,iocp,timer=default,1000,37013.700,9184.700,15653.400
3,0,iocp,timer=default,1000,37003.600,9559.000,15653.400
3,0,iocp,timer=default,1000,38241.100,9492.800,15653.400
3,0,iocp,timer=default,1000,38444.200,8684.600,15653.400
3,0,iocp,timer=default,1000,38141.700,9257.700,15653.400
3,0,iocp,timer=default,1000,38157.000,8939.900,15653.400
3,0,iocp,timer=default,1000,38152.000,8555.000,15653.400
3,0,iocp,timer=default,1000,38157.200,9905.300,15653.400
3,0,iocp,timer=default,1000,38287.400,8911.000,15653.400
3,0,iocp,timer=default,1000,38207.900,8179.400,15653.400
3,0,iocp,timer=default,1000,38559.300,8786.000,15653.400
3,0,iocp,timer=default,1000,38167.200,9524.700,15653.400
3,0,iocp,timer=default,1000,40080.300,7168.100,15653.400
3,0,iocp,timer=default,1000,39937.600,7094.900,15653.400
3,0,iocp,timer=default,1000,40207.900,7013.500,15653.400
3,0,iocp,timer=default,1000,39852.000,6059.700,15653.400
3,0,iocp,timer=default,1000,39758.000,8245.800,15653.400
3,0,iocp,timer=default,1000,39755.200,7884.800,15653.400
3,0,iocp,timer=default,1000,39755.400,7269.600,15653.400
3,0,iocp,timer=default,1000,39788.500,7583.600,15653.400
3,0,iocp,timer=default,1000,39828.600,7236.800,15653.400
3,0,iocp,timer=default,1000,40015.800,7936.500,15653.400
3,0,iocp,timer=default,1000,41712.200,5218.800,15653.400
3,0,iocp,timer=default,1000,41470.200,4938.300,15653.400
3,0,iocp,timer=default,1000,41818.400,4951.000,15653.400
3,0,iocp,timer=default,1000,41439.000,5755.600,15653.400
3,0,iocp,timer=default,1000,41397.500,5682.300,15653.400
3,0,iocp,timer=default,1000,41593.700,5262.100,15653.400
3,0,iocp,timer=default,1000,41386.900,4798.700,15653.400
3,0,iocp,timer=default,1000,41392.200,5162.600,15653.400
3,0,iocp,timer=default,1000,41534.000,6639.900,15653.400
3,0,iocp,timer=default,1000,41880.600,4598.800,15653.400
3,0,iocp,timer=default,1000,43723.300,3484.300,15653.400
3,0,iocp,timer=default,1000,43493.300,3605.100,15653.400
3,0,iocp,timer=default,1000,43538.000,4081.000,15653.400
3,0,iocp,timer=default,1000,43305.700,3756.300,15653.400
3,0,iocp,timer=default,1000,43722.900,3239.200,15653.400
3,0,iocp,timer=default,1000,43812.300,4635.200,15653.400
3,0,iocp,timer=default,1000,43281.600,4662.400,15653.400
3,0,iocp,timer=default,1000,43967.000,3347.200,15653.400
3,0,iocp,timer=default,1000,43593.200,3154.100,15653.400
3,0,iocp,timer=default,1000,43286.300,3163.400,15653.400
3,0,iocp,timer=default,1000,45539.900,1606.600,15653.400
3,0,iocp,timer=default,1000,44667.200,3643.400,15653.400
3,0,iocp,timer=default,1000,44775.700,2180.800,15653.400
3,0,iocp,timer=default,1000,44753.300,1185.300,15653.400
3,0,iocp,timer=default,1000,45121.600,2059.500,15653.400
3,0,iocp,timer=default,1000,44658.100,2075.900,15653.400
3,0,iocp,timer=default,1000,44658.200,2691.100,15653.400
3,0,iocp,timer=default,1000,45210.500,2118.000,15653.400
3,0,iocp,timer=default,1000,44670.800,2945.700,15653.400
3,0,iocp,timer=default,1000,45031.900,2543.300,15653.400
3,0,iocp,timer=default,1000,46210.600,1146.600,15653.400
3,0,iocp,timer=default,1000,46650.600,1462.600,15653.400
3,0,iocp,timer=default,1000,46364.100,1081.400,15653.400
3,0,iocp,timer=default,1000,46325.200,1779.500,15653.400
3,0,iocp,timer=default,1000,46596.200,1588.900,15653.400
3,0,iocp,timer=default,1000,46198.300,1045.100,15653.400
3,0,iocp,timer=default,1000,46647.700,1476.300,15653.400
3,0,iocp,timer=default,1000,46391.900,14702.100,15653.400
3,0,iocp,timer=default,1000,46647.700,15494.900,15653.400
3,0,iocp,timer=default,1000,46671.800,1273.100,15653.400
3,1,iocp,timer=default,1000,0.000,15653.400,15653.400
3,1,iocp,timer=default,1000,15653.400,0.000,15653.400
3,1,iocp,timer=default,1000,nan,nan,15653.400
3,1,iocp,timer=default,1000,15653.400,15653.400,15653.400
3,1,iocp,timer=default,1000,31306.800,0.000,15653.400
3,1,iocp,timer=default,1000,nan,nan,15653.400
3,1,iocp,timer=default,1000,31306.800,15653.400,15653.400
3,1,iocp,timer=default,1000,46671.800,288.400,15653.400
