backend,variant,wait_us,gap_us,arm,n,median_us,p10_us,p90_us,max_us,median_ci95_lo_us,median_ci95_hi_us,timeouts,lost,predicted_nominal_us,b_eff_us,calib_p10_us,calib_p90_us,bimodal,calib_dropped,median_abs_residual_us,median_abs_residual_over_beff,median_residual_over_beff,residual_jumps,mwu_p_vs_fixed,h1_pass,h3_median21_us,h3_threshold_us,h3_flagged,h3_factor,h3_threshold_b_us,h3_flagged_b,h3_factor_b,timerslack_ns_worker,timer_begin_result,code_commit,bench_commit,bench_dirty,defect_mode,wait_method,compiler,host,source
epoll,slack=1ns,1000,1700,fixed,51,6.842,6.633,7.153,7.594,6.783,6.944,0,0,,,,,False,0,,,,0,,,6.913,201.569,False,0.034,200.000,False,0.035,1,,0af1ac47ec708595b91e5c15300556f2714314c1,4d34f460daf25f5b68bb980541acd9dd71ff7873,False,none,epoll_pwait2,clang 22.1.8,alex-laptop,results/raw/2026-09-29-L-publication-0af1ac4/matrix/epoll-1000us-g1700us-fixed-slack1ns.jsonl
epoll,slack=1ns,1000,1700,defect,51,300.866,300.124,301.477,301.788,300.575,301.056,0,0,300,1007.845,1007.695,1007.895,False,0,1.321,0.0013,-0.0013,0,,True,300.625,201.569,True,1.491,200.000,True,1.503,1,,0af1ac47ec708595b91e5c15300556f2714314c1,4d34f460daf25f5b68bb980541acd9dd71ff7873,False,omit,epoll_pwait2,clang 22.1.8,alex-laptop,results/raw/2026-09-29-L-publication-0af1ac4/matrix/epoll-1000us-g1700us-defect-slack1ns.jsonl
epoll,slack=1ns,100000,170000,fixed,51,48.331,46.658,49.763,55.334,48.121,48.652,0,0,,,,,False,0,,,,0,,,48.261,20080.285,False,0.002,20000.000,False,0.002,1,,0af1ac47ec708595b91e5c15300556f2714314c1,4d34f460daf25f5b68bb980541acd9dd71ff7873,False,none,epoll_pwait2,clang 22.1.8,alex-laptop,results/raw/2026-09-29-L-publication-0af1ac4/matrix/epoll-100000us-g170000us-fixed-slack1ns.jsonl
epoll,slack=1ns,100000,170000,defect,51,30456.887,30206.702,30644.760,30837.042,30438.512,30468.329,0,0,30000,100401.427,100160.248,100472.520,False,0,25.852,0.0003,0.0001,0,,True,30445.976,20080.285,True,1.516,20000.000,True,1.522,1,,0af1ac47ec708595b91e5c15300556f2714314c1,4d34f460daf25f5b68bb980541acd9dd71ff7873,False,omit,epoll_pwait2,clang 22.1.8,alex-laptop,results/raw/2026-09-29-L-publication-0af1ac4/matrix/epoll-100000us-g170000us-defect-slack1ns.jsonl
epoll,slack=default,1000,1700,fixed,51,7.093,6.773,7.494,11.010,6.993,7.144,0,0,,,,,False,0,,,,0,,,6.903,211.398,False,0.033,200.000,False,0.035,50000,,0af1ac47ec708595b91e5c15300556f2714314c1,4d34f460daf25f5b68bb980541acd9dd71ff7873,False,none,epoll_pwait2,clang 22.1.8,alex-laptop,results/raw/2026-09-29-L-publication-0af1ac4/matrix/epoll-1000us-g1700us-fixed-slackdefault.jsonl
epoll,slack=default,1000,1700,defect,51,349.057,346.501,349.978,353.776,348.756,349.247,0,0,300,1056.988,1056.717,1057.990,False,0,1.323,0.0013,-0.0013,0,,True,349.187,211.398,True,1.652,200.000,True,1.746,50000,,0af1ac47ec708595b91e5c15300556f2714314c1,4d34f460daf25f5b68bb980541acd9dd71ff7873,False,omit,epoll_pwait2,clang 22.1.8,alex-laptop,results/raw/2026-09-29-L-publication-0af1ac4/matrix/epoll-1000us-g1700us-defect-slackdefault.jsonl
io_uring,slack=1ns,1000,1700,fixed,51,5.430,5.270,6.513,8.085,5.390,5.580,0,0,,,,,False,0,,,,0,,,5.501,201.355,False,0.027,200.000,False,0.028,1,,0af1ac47ec708595b91e5c15300556f2714314c1,4d34f460daf25f5b68bb980541acd9dd71ff7873,False,none,"io_uring_enter(getevents, ext_arg; single_issuer, defer_taskrun)",clang 22.1.8,alex-laptop,results/raw/2026-09-29-L-publication-0af1ac4/matrix/io_uring-1000us-g1700us-fixed-slack1ns.jsonl
io_uring,slack=1ns,1000,1700,defect,51,299.103,298.432,299.423,302.088,298.983,299.213,0,0,300,1006.774,1006.733,1007.004,False,0,0.952,0.0009,-0.0009,0,,True,299.213,201.355,True,1.486,200.000,True,1.496,1,,0af1ac47ec708595b91e5c15300556f2714314c1,4d34f460daf25f5b68bb980541acd9dd71ff7873,False,misdirect,"io_uring_enter(getevents, ext_arg; single_issuer, defer_taskrun)",clang 22.1.8,alex-laptop,results/raw/2026-09-29-L-publication-0af1ac4/matrix/io_uring-1000us-g1700us-defect-slack1ns.jsonl
io_uring,slack=1ns,100000,170000,fixed,51,47.669,46.588,48.972,312.868,47.299,47.981,0,0,,,,,False,0,,,,0,,,47.820,20064.794,False,0.002,20000.000,False,0.002,1,,0af1ac47ec708595b91e5c15300556f2714314c1,4d34f460daf25f5b68bb980541acd9dd71ff7873,False,none,"io_uring_enter(getevents, ext_arg; single_issuer, defer_taskrun)",clang 22.1.8,alex-laptop,results/raw/2026-09-29-L-publication-0af1ac4/matrix/io_uring-100000us-g170000us-fixed-slack1ns.jsonl
io_uring,slack=1ns,100000,170000,defect,51,30255.062,30036.534,30339.847,30553.347,30231.397,30272.189,0,0,30000,100323.971,100300.176,100330.681,False,0,38.183,0.0004,-0.0003,0,,True,30256.193,20064.794,True,1.508,20000.000,True,1.513,1,,0af1ac47ec708595b91e5c15300556f2714314c1,4d34f460daf25f5b68bb980541acd9dd71ff7873,False,misdirect,"io_uring_enter(getevents, ext_arg; single_issuer, defer_taskrun)",clang 22.1.8,alex-laptop,results/raw/2026-09-29-L-publication-0af1ac4/matrix/io_uring-100000us-g170000us-defect-slack1ns.jsonl
io_uring,slack=default,1000,1700,fixed,51,5.471,5.269,6.453,6.983,5.370,5.691,0,0,,,,,False,0,,,,0,,,6.121,201.407,False,0.030,200.000,False,0.031,50000,,0af1ac47ec708595b91e5c15300556f2714314c1,4d34f460daf25f5b68bb980541acd9dd71ff7873,False,none,"io_uring_enter(getevents, ext_arg; single_issuer, defer_taskrun)",clang 22.1.8,alex-laptop,results/raw/2026-09-29-L-publication-0af1ac4/matrix/io_uring-1000us-g1700us-fixed-slackdefault.jsonl
io_uring,slack=default,1000,1700,defect,51,249.179,248.347,249.810,290.216,248.788,249.359,0,0,300,1007.035,1006.783,1007.606,False,0,1.304,0.0013,-0.0013,0,,True,249.189,201.407,True,1.237,200.000,True,1.246,50000,,0af1ac47ec708595b91e5c15300556f2714314c1,4d34f460daf25f5b68bb980541acd9dd71ff7873,False,misdirect,"io_uring_enter(getevents, ext_arg; single_issuer, defer_taskrun)",clang 22.1.8,alex-laptop,results/raw/2026-09-29-L-publication-0af1ac4/matrix/io_uring-1000us-g1700us-defect-slackdefault.jsonl
iocp,timer=1ms,1000,1700,fixed,51,7.200,5.500,10.600,13.400,6.600,7.500,0,0,,,,,False,0,,,,0,,,6.900,303.220,False,0.023,200.000,False,0.035,,0,0af1ac47ec708595b91e5c15300556f2714314c1,62408d4a089e70b3cac46e9695b4cc0be1a05776,False,none,GetQueuedCompletionStatus,clang-cl 22.1.0 (https://github.com/llvm/llvm-project 4434dabb69916856b824f68a64b029c67175e532),ALEX-PC,results/raw/2026-09-30-W-publication/matrix/iocp-1000us-g1700us-fixed-timer1ms.jsonl
iocp,timer=1ms,1000,1700,defect,51,1037.800,854.000,1152.100,1721.200,1030.800,1068.800,0,0,300,1516.100,1505.300,1539.500,False,0,116.300,0.0767,0.0121,3,,False,1014.300,303.220,True,3.345,200.000,True,5.072,,0,0af1ac47ec708595b91e5c15300556f2714314c1,62408d4a089e70b3cac46e9695b4cc0be1a05776,False,omit,GetQueuedCompletionStatus,clang-cl 22.1.0 (https://github.com/llvm/llvm-project 4434dabb69916856b824f68a64b029c67175e532),ALEX-PC,results/raw/2026-09-30-W-publication/matrix/iocp-1000us-g1700us-defect-timer1ms.jsonl
iocp,timer=1ms,100000,170000,fixed,51,14.200,10.800,23.500,35.300,12.900,14.500,0,0,,,,,False,0,,,,0,,,14.200,20054.620,False,0.001,20000.000,False,0.001,,0,0af1ac47ec708595b91e5c15300556f2714314c1,62408d4a089e70b3cac46e9695b4cc0be1a05776,False,none,GetQueuedCompletionStatus,clang-cl 22.1.0 (https://github.com/llvm/llvm-project 4434dabb69916856b824f68a64b029c67175e532),ALEX-PC,results/raw/2026-09-30-W-publication/matrix/iocp-100000us-g170000us-fixed-timer1ms.jsonl
iocp,timer=1ms,100000,170000,defect,51,30238.600,29735.900,30903.900,31693.400,30087.300,30432.100,0,0,30000,100273.100,100041.600,100411.200,False,0,370.000,0.0037,0.0011,0,,True,30365.000,20054.620,True,1.514,20000.000,True,1.518,,0,0af1ac47ec708595b91e5c15300556f2714314c1,62408d4a089e70b3cac46e9695b4cc0be1a05776,False,omit,GetQueuedCompletionStatus,clang-cl 22.1.0 (https://github.com/llvm/llvm-project 4434dabb69916856b824f68a64b029c67175e532),ALEX-PC,results/raw/2026-09-30-W-publication/matrix/iocp-100000us-g170000us-defect-timer1ms.jsonl
iocp,timer=default,1000,1700,fixed,51,6.600,5.400,11.100,22.200,5.700,7.500,0,0,,,,,False,0,,,,0,,,5.600,3198.080,False,0.002,200.000,False,0.028,,,0af1ac47ec708595b91e5c15300556f2714314c1,62408d4a089e70b3cac46e9695b4cc0be1a05776,False,none,GetQueuedCompletionStatus,clang-cl 22.1.0 (https://github.com/llvm/llvm-project 4434dabb69916856b824f68a64b029c67175e532),ALEX-PC,results/raw/2026-09-30-W-publication/matrix/iocp-1000us-g1700us-fixed-timerdefault.jsonl
iocp,timer=default,1000,1700,defect,51,13701.300,13214.200,14369.300,14842.400,13604.300,14081.600,0,0,300,15990.400,15234.700,16141.000,False,0,437.200,0.0273,-0.0219,0,,True,13866.500,3198.080,True,4.336,200.000,True,69.332,,,0af1ac47ec708595b91e5c15300556f2714314c1,62408d4a089e70b3cac46e9695b4cc0be1a05776,False,omit,GetQueuedCompletionStatus,clang-cl 22.1.0 (https://github.com/llvm/llvm-project 4434dabb69916856b824f68a64b029c67175e532),ALEX-PC,results/raw/2026-09-30-W-publication/matrix/iocp-1000us-g1700us-defect-timerdefault.jsonl
iocp,timer=default,100000,170000,fixed,51,13.600,11.000,30.500,37.500,13.000,15.300,0,0,,,,,False,0,,,,0,,,13.900,21941.940,False,0.001,20000.000,False,0.001,,,0af1ac47ec708595b91e5c15300556f2714314c1,62408d4a089e70b3cac46e9695b4cc0be1a05776,False,none,GetQueuedCompletionStatus,clang-cl 22.1.0 (https://github.com/llvm/llvm-project 4434dabb69916856b824f68a64b029c67175e532),ALEX-PC,results/raw/2026-09-30-W-publication/matrix/iocp-100000us-g170000us-fixed-timerdefault.jsonl
iocp,timer=default,100000,170000,defect,51,49830.400,48238.100,51373.100,52517.900,49507.600,50422.600,0,0,30000,109709.700,108420.300,110685.000,False,0,1106.600,0.0101,0.0066,0,,True,50132.200,21941.940,True,2.285,20000.000,True,2.507,,,0af1ac47ec708595b91e5c15300556f2714314c1,62408d4a089e70b3cac46e9695b4cc0be1a05776,False,omit,GetQueuedCompletionStatus,clang-cl 22.1.0 (https://github.com/llvm/llvm-project 4434dabb69916856b824f68a64b029c67175e532),ALEX-PC,results/raw/2026-09-30-W-publication/matrix/iocp-100000us-g170000us-defect-timerdefault.jsonl
